Product_ID,Product_Name,Category,Warehouse,Stock_Quantity,Reorder_Level,Monthly_Demand,Unit_Cost,Sales_Quantity,Order_Date
P003,Product_3,Clothing,Warehouse_B,77,109,13,353.68,4,03-07-2024
P022,Product_22,Furniture,Warehouse_B,144,73,30,395.29,24,24-11-2024
P046,Product_46,Grocery,Warehouse_B,88,122,154,117.75,24,23-12-2024
P020,Product_20,Sports,Warehouse_C,149,114,85,89.23,21,15-09-2024
P013,Product_13,Clothing,Warehouse_C,193,87,97,19.41,85,27-05-2024
P011,Product_11,Clothing,Warehouse_B,227,33,178,169.74,109,09-04-2024
P001,Product_1,Electronics,Warehouse_C,236,144,182,177.38,45,01-09-2024
P050,Product_50,Furniture,Warehouse_B,270,141,158,148.35,77,03-04-2024
P044,Product_44,Grocery,Warehouse_C,225,104,180,189.52,37,10-03-2024
P049,Product_49,Electronics,Warehouse_B,131,54,160,182.62,123,20-05-2024
P030,Product_30,Sports,Warehouse_B,299,100,128,33.67,6,06-04-2024
P034,Product_34,Grocery,Warehouse_C,142,96,161,170.62,87,14-04-2024
P015,Product_15,Furniture,Warehouse_C,134,30,150,138.96,25,24-08-2024
P022,Product_22,Grocery,Warehouse_A,359,75,154,249.56,101,17-10-2024
P003,Product_3,Grocery,Warehouse_B,161,137,121,409.15,68,09-09-2024
P011,Product_11,Sports,Warehouse_A,208,114,37,112.74,26,19-04-2024
P023,Product_23,Clothing,Warehouse_A,18,120,141,116.69,44,06-07-2024
P014,Product_14,Clothing,Warehouse_A,402,107,158,449.77,140,15-09-2024
P025,Product_25,Electronics,Warehouse_A,193,109,186,183.72,152,04-06-2024
P008,Product_8,Sports,Warehouse_C,107,58,105,488.96,26,03-05-2024
P022,Product_22,Furniture,Warehouse_C,257,126,35,276.12,16,06-08-2024
P010,Product_10,Electronics,Warehouse_B,338,28,82,106.24,78,13-11-2024
P036,Product_36,Furniture,Warehouse_B,298,89,147,69.77,105,15-03-2024
P008,Product_8,Furniture,Warehouse_C,174,150,174,365.21,54,08-06-2024
P044,Product_44,Furniture,Warehouse_A,413,120,63,131.23,41,14-04-2024
P050,Product_50,Electronics,Warehouse_A,311,92,197,339.01,138,15-04-2024
P034,Product_34,Grocery,Warehouse_B,412,93,23,330.55,21,24-10-2024
P001,Product_1,Sports,Warehouse_C,74,39,32,493.11,25,26-08-2024
P050,Product_50,Furniture,Warehouse_A,40,53,69,78.4,46,11-09-2024
P031,Product_31,Furniture,Warehouse_A,375,63,151,200.4,11,07-05-2024
P033,Product_33,Electronics,Warehouse_C,482,27,108,193.48,51,19-01-2024
P012,Product_12,Clothing,Warehouse_A,174,30,200,67.08,98,03-09-2024
P005,Product_5,Furniture,Warehouse_B,123,104,89,28.72,55,20-10-2024
P041,Product_41,Sports,Warehouse_C,45,94,101,477.66,19,07-06-2024
P033,Product_33,Clothing,Warehouse_B,473,66,47,360.87,13,13-09-2024
P032,Product_32,Furniture,Warehouse_C,273,125,103,234.24,11,29-09-2024
P009,Product_9,Grocery,Warehouse_B,386,85,157,350.66,15,17-09-2024
P034,Product_34,Electronics,Warehouse_A,395,121,122,464.9,112,30-08-2024
P012,Product_12,Grocery,Warehouse_B,218,74,132,255.11,115,03-06-2024
P002,Product_2,Electronics,Warehouse_B,243,47,112,387.88,25,22-12-2024
P024,Product_24,Furniture,Warehouse_B,294,111,119,12.92,64,29-06-2024
P002,Product_2,Furniture,Warehouse_C,453,78,47,223.54,19,12-11-2024
P009,Product_9,Furniture,Warehouse_C,108,79,102,127.09,42,30-01-2024
P009,Product_9,Clothing,Warehouse_A,472,73,99,279.77,88,04-11-2024
P020,Product_20,Electronics,Warehouse_A,237,65,10,352.76,9,20-07-2024
P021,Product_21,Grocery,Warehouse_C,216,33,189,202.25,171,29-11-2024
P035,Product_35,Grocery,Warehouse_A,426,25,113,438.88,27,12-09-2024
P049,Product_49,Grocery,Warehouse_C,465,124,85,386.16,59,04-01-2024
P026,Product_26,Grocery,Warehouse_C,473,79,64,97.27,30,24-03-2024
P046,Product_46,Grocery,Warehouse_C,483,95,44,141.47,25,09-02-2024
P043,Product_43,Clothing,Warehouse_B,388,65,56,481.98,35,21-11-2024
P039,Product_39,Furniture,Warehouse_B,59,24,97,175.64,14,17-06-2024
P034,Product_34,Sports,Warehouse_A,168,76,76,79.87,22,11-04-2024
P047,Product_47,Clothing,Warehouse_B,62,68,162,292.15,61,05-04-2024
P027,Product_27,Grocery,Warehouse_A,49,131,199,279.01,172,29-03-2024
P003,Product_3,Furniture,Warehouse_B,337,120,160,123.67,18,04-12-2024
P048,Product_48,Grocery,Warehouse_C,17,113,113,171.86,82,11-04-2024
P022,Product_22,Clothing,Warehouse_A,378,139,153,477.23,84,05-07-2024
P050,Product_50,Sports,Warehouse_C,136,127,165,446.67,88,25-11-2024
P015,Product_15,Grocery,Warehouse_B,235,140,200,30.37,98,12-06-2024
P016,Product_16,Furniture,Warehouse_A,26,79,37,331.72,29,01-08-2024
P008,Product_8,Sports,Warehouse_A,235,124,110,448.53,95,25-10-2024
P029,Product_29,Grocery,Warehouse_C,433,20,178,211.09,77,31-08-2024
P006,Product_6,Sports,Warehouse_C,71,28,149,419.84,101,07-10-2024
P010,Product_10,Electronics,Warehouse_C,333,27,47,65.28,0,28-09-2024
P018,Product_18,Furniture,Warehouse_C,3,150,134,373.47,71,11-08-2024
P005,Product_5,Furniture,Warehouse_A,75,53,24,283.92,22,09-07-2024
P026,Product_26,Electronics,Warehouse_A,206,124,122,233.39,16,17-07-2024
P039,Product_39,Furniture,Warehouse_C,242,84,68,417.53,30,09-08-2024
P032,Product_32,Electronics,Warehouse_B,128,67,142,366.01,89,11-09-2024
P034,Product_34,Clothing,Warehouse_A,409,127,38,326.66,1,20-07-2024
P012,Product_12,Furniture,Warehouse_C,233,147,11,267.11,1,07-10-2024
P034,Product_34,Clothing,Warehouse_C,155,124,101,38.93,87,31-10-2024
P029,Product_29,Grocery,Warehouse_B,189,82,157,145.98,48,30-06-2024
P038,Product_38,Sports,Warehouse_C,277,115,198,100.72,150,13-02-2024
P003,Product_3,Furniture,Warehouse_A,166,59,101,286.41,89,12-11-2024
P024,Product_24,Sports,Warehouse_C,123,65,139,419.2,17,22-06-2024
P049,Product_49,Sports,Warehouse_C,150,119,71,399.89,36,29-06-2024
P037,Product_37,Grocery,Warehouse_B,399,49,167,13.59,143,15-12-2024
P026,Product_26,Grocery,Warehouse_B,362,99,30,450.22,14,10-05-2024
P020,Product_20,Furniture,Warehouse_C,468,89,108,281.09,1,18-10-2024
P018,Product_18,Clothing,Warehouse_C,124,124,63,307.55,31,06-06-2024
P008,Product_8,Clothing,Warehouse_B,257,137,196,274.7,48,23-09-2024
P032,Product_32,Sports,Warehouse_C,362,44,28,481.64,15,24-01-2024
P042,Product_42,Electronics,Warehouse_A,134,141,53,248.82,18,17-06-2024
P009,Product_9,Sports,Warehouse_C,219,117,112,124,72,29-01-2024
P044,Product_44,Sports,Warehouse_A,343,94,94,346.8,63,09-02-2024
P026,Product_26,Clothing,Warehouse_B,439,120,109,356.54,39,03-02-2024
P037,Product_37,Grocery,Warehouse_B,372,38,83,243.95,41,08-04-2024
P019,Product_19,Grocery,Warehouse_A,155,72,77,254.08,41,27-01-2024
P035,Product_35,Furniture,Warehouse_B,375,60,110,101.21,58,08-05-2024
P045,Product_45,Clothing,Warehouse_A,390,57,188,137.32,5,01-01-2024
P002,Product_2,Grocery,Warehouse_A,171,29,171,7.19,138,09-07-2024
P042,Product_42,Furniture,Warehouse_A,278,68,126,103.43,119,24-06-2024
P045,Product_45,Electronics,Warehouse_B,470,122,156,47.45,124,05-03-2024
P050,Product_50,Furniture,Warehouse_B,253,61,31,472.39,9,09-08-2024
P040,Product_40,Furniture,Warehouse_B,488,123,104,463.2,58,25-03-2024
P047,Product_47,Sports,Warehouse_C,321,64,177,284.38,6,08-10-2024
P004,Product_4,Furniture,Warehouse_C,278,120,62,103.13,6,15-11-2024
P021,Product_21,Grocery,Warehouse_C,225,60,56,470.16,45,03-05-2024
P045,Product_45,Grocery,Warehouse_C,210,122,102,184.41,93,30-01-2024
P004,Product_4,Sports,Warehouse_C,202,55,137,487.05,130,25-05-2024
P049,Product_49,Clothing,Warehouse_B,158,88,73,247.46,67,25-02-2024
P045,Product_45,Electronics,Warehouse_C,294,111,35,167.17,11,13-02-2024
P012,Product_12,Grocery,Warehouse_A,49,110,74,442.22,1,29-12-2024
P016,Product_16,Electronics,Warehouse_A,134,40,108,40.67,97,17-10-2024
P021,Product_21,Grocery,Warehouse_A,260,76,167,375.42,85,19-05-2024
P023,Product_23,Sports,Warehouse_B,15,130,122,466.25,96,18-05-2024
P002,Product_2,Sports,Warehouse_C,17,52,20,83.9,7,18-07-2024
P023,Product_23,Sports,Warehouse_A,107,101,134,43.08,79,22-01-2024
P026,Product_26,Furniture,Warehouse_B,86,29,69,410.79,68,23-02-2024
P040,Product_40,Sports,Warehouse_C,187,56,84,272.87,80,16-03-2024
P009,Product_9,Furniture,Warehouse_A,65,122,79,138.92,77,24-11-2024
P019,Product_19,Clothing,Warehouse_B,371,52,151,142.77,127,01-11-2024
P015,Product_15,Sports,Warehouse_B,448,32,122,85.79,115,19-03-2024
P013,Product_13,Clothing,Warehouse_B,324,146,112,15.47,35,24-05-2024
P016,Product_16,Grocery,Warehouse_B,2,150,25,469.76,10,15-07-2024
P003,Product_3,Sports,Warehouse_B,36,149,101,457.24,44,23-10-2024
P030,Product_30,Electronics,Warehouse_A,121,131,22,340.77,20,26-10-2024
P009,Product_9,Sports,Warehouse_A,431,122,97,50.96,42,08-07-2024
P048,Product_48,Furniture,Warehouse_A,328,144,174,294.47,46,10-07-2024
P017,Product_17,Grocery,Warehouse_A,287,103,62,9.37,26,25-12-2024
P025,Product_25,Sports,Warehouse_C,153,93,23,28.1,3,20-01-2024
P022,Product_22,Sports,Warehouse_B,21,141,186,77.9,30,08-02-2024
P011,Product_11,Electronics,Warehouse_A,440,88,169,162.77,25,02-04-2024
P009,Product_9,Sports,Warehouse_C,31,76,165,468.53,139,30-05-2024
P009,Product_9,Grocery,Warehouse_A,356,126,180,252.35,53,29-04-2024
P010,Product_10,Grocery,Warehouse_A,38,121,74,134.51,35,31-08-2024
P019,Product_19,Clothing,Warehouse_C,331,41,36,103.42,22,18-02-2024
P019,Product_19,Electronics,Warehouse_B,284,45,47,275.42,43,19-06-2024
P049,Product_49,Clothing,Warehouse_A,308,133,40,414.81,6,15-12-2024
P031,Product_31,Electronics,Warehouse_A,237,113,81,343,72,04-09-2024
P031,Product_31,Clothing,Warehouse_B,477,128,51,116.55,38,06-05-2024
P016,Product_16,Sports,Warehouse_A,109,89,109,474.05,16,14-12-2024
P003,Product_3,Furniture,Warehouse_B,359,104,94,353.95,10,20-12-2024
P029,Product_29,Clothing,Warehouse_A,467,32,13,475.71,3,21-10-2024
P007,Product_7,Sports,Warehouse_A,401,67,114,47.64,89,25-06-2024
P017,Product_17,Sports,Warehouse_A,197,107,109,439.74,4,04-07-2024
P046,Product_46,Sports,Warehouse_C,16,73,74,36.23,38,30-09-2024
P012,Product_12,Grocery,Warehouse_A,425,111,93,469.27,86,25-03-2024
P023,Product_23,Clothing,Warehouse_A,251,62,88,430.26,15,11-06-2024
P015,Product_15,Grocery,Warehouse_C,481,137,161,77.19,45,21-08-2024
P027,Product_27,Sports,Warehouse_A,407,74,150,129.42,88,03-08-2024
P021,Product_21,Sports,Warehouse_B,206,73,47,315.89,46,11-03-2024
P021,Product_21,Electronics,Warehouse_C,345,71,139,473.55,122,18-07-2024
P016,Product_16,Clothing,Warehouse_B,339,39,137,355.46,25,20-08-2024
P022,Product_22,Sports,Warehouse_A,392,23,157,52.17,41,05-01-2024
P017,Product_17,Clothing,Warehouse_A,313,41,15,262.03,14,15-05-2024
P042,Product_42,Grocery,Warehouse_B,107,80,70,391.58,45,04-06-2024
P022,Product_22,Clothing,Warehouse_A,382,56,106,399.04,76,09-08-2024
P021,Product_21,Clothing,Warehouse_A,410,105,174,472.33,145,16-05-2024
P024,Product_24,Grocery,Warehouse_A,128,104,135,334.82,107,27-06-2024
P034,Product_34,Electronics,Warehouse_C,352,53,109,332.99,37,24-11-2024
P024,Product_24,Clothing,Warehouse_C,204,78,159,287.61,0,31-07-2024
P012,Product_12,Furniture,Warehouse_B,95,48,134,298.25,14,22-06-2024
P049,Product_49,Furniture,Warehouse_A,225,72,154,146.78,53,10-01-2024
P044,Product_44,Electronics,Warehouse_C,471,37,39,398.24,10,18-01-2024
P039,Product_39,Electronics,Warehouse_C,317,101,106,103.27,74,07-10-2024
P048,Product_48,Furniture,Warehouse_C,197,101,192,436.19,152,27-11-2024
P001,Product_1,Furniture,Warehouse_A,353,78,122,99.29,101,19-05-2024
P043,Product_43,Sports,Warehouse_A,29,20,158,49.26,11,19-03-2024
P029,Product_29,Electronics,Warehouse_B,312,58,184,74.94,134,17-11-2024
P037,Product_37,Grocery,Warehouse_C,486,53,182,425.61,31,19-10-2024
P014,Product_14,Sports,Warehouse_C,367,74,46,488.47,30,28-12-2024
P032,Product_32,Grocery,Warehouse_A,345,69,53,344.77,12,18-09-2024
P036,Product_36,Sports,Warehouse_C,47,82,45,134.34,0,09-06-2024
P049,Product_49,Sports,Warehouse_A,301,115,194,360.35,154,12-12-2024
P050,Product_50,Grocery,Warehouse_B,97,86,102,494.39,10,20-05-2024
P047,Product_47,Clothing,Warehouse_B,73,93,44,497.99,0,23-10-2024
P031,Product_31,Furniture,Warehouse_B,179,108,30,131.31,12,03-08-2024
P004,Product_4,Clothing,Warehouse_C,469,139,104,428.69,68,16-07-2024
P034,Product_34,Grocery,Warehouse_B,34,63,155,59.49,116,05-06-2024
P045,Product_45,Grocery,Warehouse_A,66,59,53,149.04,7,10-07-2024
P047,Product_47,Furniture,Warehouse_A,140,109,119,14.9,39,10-06-2024
P023,Product_23,Electronics,Warehouse_A,232,89,189,84.65,104,22-04-2024
P024,Product_24,Grocery,Warehouse_B,143,138,126,129.42,110,22-09-2024
P015,Product_15,Sports,Warehouse_C,380,111,172,159.67,34,23-03-2024
P033,Product_33,Clothing,Warehouse_A,59,133,135,442.16,134,09-05-2024
P011,Product_11,Electronics,Warehouse_B,119,33,170,332.58,79,23-10-2024
P047,Product_47,Sports,Warehouse_C,498,48,151,307.17,114,31-03-2024
P044,Product_44,Clothing,Warehouse_B,211,74,63,233.61,1,22-09-2024
P027,Product_27,Furniture,Warehouse_A,342,148,94,204.95,51,10-07-2024
P020,Product_20,Furniture,Warehouse_A,97,34,77,59.09,6,26-07-2024
P027,Product_27,Furniture,Warehouse_B,103,42,18,28.33,12,18-02-2024
P008,Product_8,Electronics,Warehouse_B,264,123,31,366.16,15,26-04-2024
P022,Product_22,Sports,Warehouse_A,234,83,185,429.96,172,22-11-2024
P041,Product_41,Electronics,Warehouse_A,147,59,106,198.02,93,18-05-2024
P006,Product_6,Electronics,Warehouse_B,398,74,193,348.59,46,27-08-2024
P050,Product_50,Electronics,Warehouse_A,49,137,132,383.99,90,07-07-2024
P008,Product_8,Electronics,Warehouse_C,93,72,75,353.22,68,16-09-2024
P034,Product_34,Electronics,Warehouse_C,101,110,185,29.67,28,15-10-2024
P003,Product_3,Grocery,Warehouse_C,419,35,58,223.56,31,12-08-2024
P003,Product_3,Electronics,Warehouse_C,77,26,18,115.32,18,26-02-2024
P032,Product_32,Electronics,Warehouse_A,465,64,20,353.89,1,09-07-2024
P038,Product_38,Electronics,Warehouse_B,108,102,92,499.84,4,28-04-2024
P039,Product_39,Grocery,Warehouse_A,24,112,105,478.79,38,25-02-2024
P025,Product_25,Furniture,Warehouse_B,386,141,85,229.71,49,21-11-2024
P045,Product_45,Furniture,Warehouse_A,416,72,102,394.12,98,23-07-2024
P049,Product_49,Grocery,Warehouse_A,77,54,185,144.45,18,17-10-2024
P046,Product_46,Furniture,Warehouse_B,241,110,121,97.84,8,06-01-2024
P048,Product_48,Clothing,Warehouse_B,154,23,168,496.95,44,18-07-2024
P014,Product_14,Grocery,Warehouse_A,491,71,60,170.44,59,17-05-2024
P046,Product_46,Grocery,Warehouse_C,198,21,13,38.25,7,08-12-2024
P045,Product_45,Sports,Warehouse_A,86,65,58,137,2,11-05-2024
P015,Product_15,Furniture,Warehouse_C,149,117,166,320.04,157,13-04-2024
P004,Product_4,Furniture,Warehouse_C,161,21,118,33.45,10,07-03-2024
P010,Product_10,Grocery,Warehouse_B,314,24,158,375.55,12,31-01-2024
P016,Product_16,Grocery,Warehouse_C,192,66,24,82.4,4,26-03-2024
P046,Product_46,Sports,Warehouse_C,103,105,173,25.62,26,02-10-2024
P005,Product_5,Furniture,Warehouse_B,348,128,68,299.3,53,30-04-2024
P045,Product_45,Electronics,Warehouse_B,22,107,90,272.14,80,23-06-2024
P037,Product_37,Clothing,Warehouse_C,157,20,138,223.48,133,12-04-2024
P023,Product_23,Electronics,Warehouse_B,383,46,198,80.68,165,19-12-2024
P003,Product_3,Furniture,Warehouse_C,161,22,196,343.04,123,18-06-2024
P028,Product_28,Clothing,Warehouse_A,489,124,121,104.6,108,25-04-2024
P035,Product_35,Grocery,Warehouse_B,208,41,154,284.92,91,01-04-2024
P049,Product_49,Electronics,Warehouse_B,439,135,197,468.47,135,23-10-2024
P035,Product_35,Grocery,Warehouse_C,390,136,11,161.5,5,12-03-2024
P003,Product_3,Grocery,Warehouse_A,34,116,129,475.12,45,31-01-2024
P025,Product_25,Clothing,Warehouse_B,406,148,132,235.22,42,19-07-2024
P033,Product_33,Furniture,Warehouse_A,456,113,188,313.69,159,26-03-2024
P036,Product_36,Grocery,Warehouse_C,127,57,170,296.98,64,14-11-2024
P019,Product_19,Clothing,Warehouse_C,474,26,176,397.47,62,24-06-2024
P038,Product_38,Electronics,Warehouse_C,251,24,72,281.42,7,15-12-2024
P047,Product_47,Sports,Warehouse_A,384,137,53,388.93,39,28-01-2024
P026,Product_26,Grocery,Warehouse_C,281,31,195,449.07,149,24-07-2024
P022,Product_22,Grocery,Warehouse_A,25,124,49,485.67,29,01-01-2024
P029,Product_29,Electronics,Warehouse_C,301,139,173,476.94,65,04-09-2024
P011,Product_11,Sports,Warehouse_B,145,45,57,107.31,1,13-12-2024
P043,Product_43,Clothing,Warehouse_B,242,63,158,256.08,100,25-11-2024
P018,Product_18,Electronics,Warehouse_B,121,128,84,253.2,59,26-07-2024
P041,Product_41,Sports,Warehouse_C,46,122,141,233.58,89,29-04-2024
P019,Product_19,Furniture,Warehouse_A,153,66,131,256.99,56,04-10-2024
P048,Product_48,Grocery,Warehouse_C,483,87,168,66.6,121,17-04-2024
P014,Product_14,Furniture,Warehouse_B,418,98,125,90.69,41,16-02-2024
P039,Product_39,Clothing,Warehouse_A,55,135,123,255.35,69,15-05-2024
P001,Product_1,Furniture,Warehouse_B,390,75,34,51.73,30,05-11-2024
P023,Product_23,Furniture,Warehouse_B,429,55,137,348.78,39,10-11-2024
P012,Product_12,Clothing,Warehouse_B,213,109,191,442.81,106,21-12-2024
P046,Product_46,Electronics,Warehouse_C,99,87,38,367.89,27,08-12-2024
P031,Product_31,Electronics,Warehouse_A,285,50,81,55.65,49,29-06-2024
P034,Product_34,Grocery,Warehouse_B,54,48,40,306.38,32,15-10-2024
P035,Product_35,Furniture,Warehouse_B,30,77,79,336.45,73,25-01-2024
P011,Product_11,Clothing,Warehouse_B,420,87,80,153.35,57,20-03-2024
P050,Product_50,Grocery,Warehouse_B,302,34,34,219.07,22,01-05-2024
P029,Product_29,Furniture,Warehouse_B,25,131,50,249.01,12,02-08-2024
P032,Product_32,Furniture,Warehouse_C,104,121,192,221.05,106,26-07-2024
P020,Product_20,Sports,Warehouse_A,110,110,170,456.4,6,24-02-2024
P028,Product_28,Electronics,Warehouse_B,184,59,138,337.57,125,26-11-2024
P047,Product_47,Clothing,Warehouse_B,195,85,78,143.84,54,04-08-2024
P037,Product_37,Sports,Warehouse_C,404,117,160,309.25,36,27-04-2024
P014,Product_14,Grocery,Warehouse_B,119,54,123,17.09,1,12-08-2024
P009,Product_9,Grocery,Warehouse_B,448,147,28,161.09,25,13-11-2024
P021,Product_21,Clothing,Warehouse_A,284,122,87,263.95,77,04-07-2024
P047,Product_47,Clothing,Warehouse_A,126,75,89,484.44,74,23-11-2024
P027,Product_27,Electronics,Warehouse_A,196,44,146,175.69,58,19-08-2024
P013,Product_13,Furniture,Warehouse_A,336,142,58,42.77,3,07-06-2024
P014,Product_14,Sports,Warehouse_A,449,81,90,478.67,81,11-09-2024
P040,Product_40,Sports,Warehouse_C,464,110,144,494.43,85,27-10-2024
P022,Product_22,Sports,Warehouse_B,387,28,44,314.89,5,16-03-2024
P029,Product_29,Clothing,Warehouse_C,8,79,54,301.41,7,08-07-2024
P031,Product_31,Grocery,Warehouse_B,150,27,14,487.37,1,19-11-2024
P035,Product_35,Electronics,Warehouse_B,222,42,67,95.89,65,26-05-2024
P010,Product_10,Furniture,Warehouse_B,127,129,160,68.56,24,03-08-2024
P030,Product_30,Clothing,Warehouse_C,224,110,113,24.62,21,17-05-2024
P011,Product_11,Electronics,Warehouse_C,323,109,17,375.71,16,31-08-2024
P024,Product_24,Furniture,Warehouse_C,249,23,195,81.78,7,05-10-2024
P033,Product_33,Sports,Warehouse_A,23,128,56,442.46,21,01-01-2024
P031,Product_31,Furniture,Warehouse_C,445,38,65,151.44,32,26-08-2024
P050,Product_50,Clothing,Warehouse_A,327,51,176,167.51,124,19-10-2024
P007,Product_7,Grocery,Warehouse_C,109,149,110,21.38,96,08-03-2024
P002,Product_2,Electronics,Warehouse_C,171,142,44,440.9,27,15-03-2024
P034,Product_34,Clothing,Warehouse_B,301,120,83,442.59,67,19-07-2024
P005,Product_5,Sports,Warehouse_A,236,149,12,191.49,5,10-02-2024
P016,Product_16,Furniture,Warehouse_A,183,20,142,61.49,44,14-04-2024
P034,Product_34,Furniture,Warehouse_B,474,118,189,58.27,165,06-07-2024
P011,Product_11,Grocery,Warehouse_B,357,134,193,107.9,167,29-06-2024
P030,Product_30,Grocery,Warehouse_A,144,59,130,296.02,129,23-01-2024
P027,Product_27,Clothing,Warehouse_A,217,24,92,488.61,11,28-10-2024
P005,Product_5,Sports,Warehouse_C,369,128,80,79.65,46,17-11-2024
P047,Product_47,Sports,Warehouse_A,422,68,81,180.95,48,14-08-2024
P017,Product_17,Sports,Warehouse_B,59,81,47,100.74,1,08-08-2024
P024,Product_24,Sports,Warehouse_A,161,64,140,387.27,101,21-07-2024
P046,Product_46,Grocery,Warehouse_B,430,87,112,242.88,96,10-09-2024
P019,Product_19,Sports,Warehouse_C,278,75,17,120.69,11,23-08-2024
P008,Product_8,Sports,Warehouse_A,78,83,181,315.47,15,10-01-2024
P017,Product_17,Electronics,Warehouse_B,132,89,84,339.26,79,09-05-2024
P006,Product_6,Furniture,Warehouse_C,416,142,35,390.42,17,29-10-2024
P002,Product_2,Electronics,Warehouse_A,316,110,136,28.49,39,01-05-2024
P041,Product_41,Clothing,Warehouse_C,230,34,174,401.4,120,24-02-2024
P039,Product_39,Sports,Warehouse_A,241,49,96,154.01,74,22-11-2024
P035,Product_35,Sports,Warehouse_A,403,138,100,120.44,62,02-04-2024
P035,Product_35,Clothing,Warehouse_A,249,47,98,302.11,5,31-12-2024
P009,Product_9,Sports,Warehouse_B,155,137,86,417.77,54,14-04-2024
P008,Product_8,Grocery,Warehouse_C,224,56,117,454.15,50,16-01-2024
P023,Product_23,Grocery,Warehouse_C,410,93,195,239.79,52,23-10-2024
P013,Product_13,Sports,Warehouse_C,292,73,141,248.27,77,27-02-2024
P037,Product_37,Sports,Warehouse_A,422,90,182,443.79,0,19-09-2024
P024,Product_24,Sports,Warehouse_C,22,52,191,270.19,124,25-01-2024
P040,Product_40,Clothing,Warehouse_A,289,47,78,388.89,36,18-01-2024
P019,Product_19,Clothing,Warehouse_A,18,97,59,155.15,29,17-08-2024
P037,Product_37,Sports,Warehouse_A,459,117,106,221.44,71,27-08-2024
P004,Product_4,Electronics,Warehouse_B,312,90,13,471.53,13,05-05-2024
P048,Product_48,Electronics,Warehouse_C,128,121,145,401.58,96,18-09-2024
P026,Product_26,Sports,Warehouse_C,20,126,94,422.23,22,15-09-2024
P020,Product_20,Furniture,Warehouse_B,267,30,62,287.56,34,23-02-2024
P017,Product_17,Clothing,Warehouse_A,378,62,153,353.64,22,21-04-2024
P032,Product_32,Grocery,Warehouse_C,221,48,148,176.15,114,21-09-2024
P029,Product_29,Furniture,Warehouse_B,278,150,64,471.48,26,23-01-2024
P049,Product_49,Electronics,Warehouse_B,282,112,15,37.13,4,04-01-2024
P006,Product_6,Clothing,Warehouse_B,499,122,123,495.54,29,09-04-2024
P043,Product_43,Electronics,Warehouse_B,100,101,84,106.72,50,24-10-2024
P031,Product_31,Furniture,Warehouse_B,208,140,21,255.48,10,08-11-2024
P023,Product_23,Furniture,Warehouse_A,12,39,182,493.6,157,23-04-2024
P003,Product_3,Furniture,Warehouse_C,207,102,32,307.87,21,31-07-2024
P027,Product_27,Grocery,Warehouse_A,451,64,55,323.64,38,11-09-2024
P027,Product_27,Grocery,Warehouse_B,113,130,185,202.95,143,15-01-2024
P011,Product_11,Electronics,Warehouse_B,113,138,49,377.21,45,04-04-2024
P042,Product_42,Grocery,Warehouse_C,236,26,38,397.06,12,19-04-2024
P004,Product_4,Furniture,Warehouse_A,314,124,48,63.28,45,28-02-2024
P026,Product_26,Sports,Warehouse_B,128,123,139,469.34,75,25-10-2024
P040,Product_40,Furniture,Warehouse_A,92,78,141,382.08,31,20-06-2024
P008,Product_8,Electronics,Warehouse_C,180,116,129,155.67,63,09-09-2024
P024,Product_24,Furniture,Warehouse_B,466,140,127,258.28,94,31-08-2024
P037,Product_37,Electronics,Warehouse_B,212,33,98,256.32,37,19-01-2024
P043,Product_43,Furniture,Warehouse_C,21,39,117,20.98,103,12-06-2024
P037,Product_37,Furniture,Warehouse_A,45,60,79,486.28,71,28-06-2024
P017,Product_17,Clothing,Warehouse_C,491,100,103,453.22,92,17-10-2024
P020,Product_20,Sports,Warehouse_C,486,136,53,347.62,51,25-06-2024
P030,Product_30,Electronics,Warehouse_C,345,82,106,173.24,35,24-03-2024
P031,Product_31,Clothing,Warehouse_A,241,43,72,429.77,34,22-02-2024
P043,Product_43,Electronics,Warehouse_C,15,115,151,385.01,101,12-04-2024
P011,Product_11,Clothing,Warehouse_B,148,68,66,340.56,27,02-10-2024
P047,Product_47,Electronics,Warehouse_C,336,30,150,136.55,144,25-10-2024
P042,Product_42,Clothing,Warehouse_A,175,87,196,235.14,85,05-09-2024
P049,Product_49,Grocery,Warehouse_B,493,140,128,97.48,3,09-08-2024
P038,Product_38,Electronics,Warehouse_C,138,81,156,409.22,57,02-12-2024
P030,Product_30,Clothing,Warehouse_B,203,72,29,178.79,2,18-03-2024
P019,Product_19,Furniture,Warehouse_A,40,100,106,138.6,61,02-04-2024
P033,Product_33,Electronics,Warehouse_B,415,104,113,368.3,76,24-10-2024
P035,Product_35,Sports,Warehouse_A,494,22,180,312.22,167,31-01-2024
P044,Product_44,Sports,Warehouse_A,363,69,102,98.75,17,24-08-2024
P043,Product_43,Grocery,Warehouse_C,47,146,177,315.73,38,09-09-2024
P036,Product_36,Furniture,Warehouse_B,315,47,70,122.21,48,10-11-2024
P014,Product_14,Electronics,Warehouse_C,383,104,126,158.45,106,10-05-2024
P024,Product_24,Grocery,Warehouse_C,212,40,128,333.18,95,28-10-2024
P037,Product_37,Furniture,Warehouse_A,242,144,151,279.95,72,18-05-2024
P028,Product_28,Electronics,Warehouse_A,148,78,20,494.27,8,04-09-2024
P039,Product_39,Clothing,Warehouse_C,348,72,54,419.42,37,12-04-2024
P043,Product_43,Grocery,Warehouse_B,153,145,91,10.98,36,28-07-2024
P003,Product_3,Furniture,Warehouse_C,297,86,52,103.94,25,17-03-2024
P025,Product_25,Furniture,Warehouse_C,279,120,143,140.92,100,25-08-2024
P027,Product_27,Clothing,Warehouse_C,6,65,189,328.55,17,22-09-2024
P022,Product_22,Electronics,Warehouse_A,329,58,107,205.31,14,15-09-2024
P036,Product_36,Furniture,Warehouse_B,150,50,84,289.87,14,27-05-2024
P019,Product_19,Sports,Warehouse_A,423,106,16,146.95,3,11-11-2024
P031,Product_31,Clothing,Warehouse_C,283,61,107,23.47,2,13-01-2024
P035,Product_35,Furniture,Warehouse_C,347,109,97,323.49,61,21-10-2024
P003,Product_3,Clothing,Warehouse_B,150,113,175,351.15,103,02-03-2024
P028,Product_28,Electronics,Warehouse_C,485,133,32,499.74,21,10-11-2024
P044,Product_44,Electronics,Warehouse_B,339,38,126,401.25,45,06-11-2024
P010,Product_10,Clothing,Warehouse_A,208,88,159,6.08,22,27-05-2024
P049,Product_49,Grocery,Warehouse_C,456,23,177,52.69,157,01-12-2024
P038,Product_38,Grocery,Warehouse_C,43,142,112,343.48,64,29-02-2024
P037,Product_37,Electronics,Warehouse_B,500,148,32,16.48,12,30-12-2024
P045,Product_45,Furniture,Warehouse_B,150,94,162,306.97,158,06-09-2024
P016,Product_16,Grocery,Warehouse_C,20,114,90,173.29,59,14-10-2024
P034,Product_34,Grocery,Warehouse_C,243,91,69,408.56,38,03-03-2024
P016,Product_16,Sports,Warehouse_A,123,60,172,140.18,107,13-02-2024
P032,Product_32,Sports,Warehouse_C,66,36,48,460.69,30,11-08-2024
P012,Product_12,Clothing,Warehouse_C,463,148,84,375.58,55,18-05-2024
P039,Product_39,Clothing,Warehouse_B,40,150,113,168.65,22,01-02-2024
P037,Product_37,Furniture,Warehouse_C,18,60,105,349.22,1,03-03-2024
P030,Product_30,Furniture,Warehouse_B,111,127,73,483.62,72,27-01-2024
P013,Product_13,Furniture,Warehouse_A,307,123,50,326.44,8,28-04-2024
P044,Product_44,Sports,Warehouse_B,246,54,111,411.77,26,11-02-2024
P043,Product_43,Furniture,Warehouse_B,194,35,188,299.83,154,22-03-2024
P029,Product_29,Grocery,Warehouse_A,56,46,46,328.05,1,30-08-2024
P007,Product_7,Grocery,Warehouse_C,206,79,169,99.73,147,15-05-2024
P015,Product_15,Clothing,Warehouse_C,398,75,114,270.37,105,15-03-2024
P041,Product_41,Grocery,Warehouse_A,29,59,21,333.21,5,10-06-2024
P035,Product_35,Furniture,Warehouse_C,369,87,198,351.55,122,21-02-2024
P031,Product_31,Furniture,Warehouse_B,148,58,122,434.56,117,22-11-2024
P031,Product_31,Clothing,Warehouse_B,125,107,147,216.84,107,07-02-2024
P021,Product_21,Electronics,Warehouse_B,48,54,149,472.78,149,06-06-2024
P015,Product_15,Grocery,Warehouse_A,380,129,101,363.09,6,28-06-2024
P045,Product_45,Grocery,Warehouse_C,151,54,39,241.98,5,08-02-2024
P030,Product_30,Grocery,Warehouse_B,37,142,155,310.24,101,31-07-2024
P008,Product_8,Furniture,Warehouse_A,494,28,116,219.42,82,03-06-2024
P034,Product_34,Furniture,Warehouse_C,128,116,34,320.5,7,05-05-2024
P009,Product_9,Sports,Warehouse_B,498,67,175,395.93,95,03-01-2024
P043,Product_43,Clothing,Warehouse_B,59,85,126,258.97,49,02-08-2024
P032,Product_32,Sports,Warehouse_C,203,108,157,215.68,65,22-05-2024
P011,Product_11,Electronics,Warehouse_B,396,70,51,98.59,31,15-05-2024
P016,Product_16,Clothing,Warehouse_B,256,124,195,337.59,104,02-09-2024
P048,Product_48,Clothing,Warehouse_C,109,26,140,130.05,61,04-12-2024
P030,Product_30,Electronics,Warehouse_C,24,56,143,215.47,86,09-08-2024
P012,Product_12,Clothing,Warehouse_B,338,133,52,313.7,28,22-11-2024
P034,Product_34,Electronics,Warehouse_A,491,39,65,417.71,0,20-07-2024
P019,Product_19,Furniture,Warehouse_C,399,81,73,183.37,37,25-08-2024
P012,Product_12,Clothing,Warehouse_C,429,142,131,305.62,117,08-04-2024
P025,Product_25,Clothing,Warehouse_B,11,140,148,395.97,51,19-12-2024
P037,Product_37,Grocery,Warehouse_A,136,32,20,462.63,0,11-05-2024
P026,Product_26,Grocery,Warehouse_B,316,96,135,392.64,77,25-07-2024
P026,Product_26,Clothing,Warehouse_A,384,122,162,93.26,120,09-01-2024
P022,Product_22,Sports,Warehouse_B,91,26,171,67.78,103,10-06-2024
P039,Product_39,Grocery,Warehouse_C,251,97,94,296.61,60,09-06-2024
P008,Product_8,Grocery,Warehouse_A,119,125,85,230.89,66,07-03-2024
P025,Product_25,Grocery,Warehouse_A,301,49,184,298.19,54,29-03-2024
P027,Product_27,Clothing,Warehouse_B,50,37,114,102.61,107,16-11-2024
P048,Product_48,Sports,Warehouse_B,335,72,157,315.79,20,21-05-2024
P007,Product_7,Clothing,Warehouse_B,174,64,14,16.54,12,18-04-2024
P042,Product_42,Electronics,Warehouse_A,260,65,178,262.38,23,06-08-2024
P014,Product_14,Grocery,Warehouse_C,286,78,88,144,33,06-11-2024
P038,Product_38,Furniture,Warehouse_C,125,59,126,309,75,06-10-2024
P036,Product_36,Electronics,Warehouse_C,36,134,132,113.5,129,16-05-2024
P023,Product_23,Grocery,Warehouse_B,106,75,24,271.33,18,03-08-2024
P010,Product_10,Clothing,Warehouse_A,132,90,151,418.82,19,30-06-2024
P015,Product_15,Furniture,Warehouse_A,340,133,199,181.26,86,24-01-2024
P022,Product_22,Electronics,Warehouse_B,61,120,182,255.95,68,14-04-2024
P017,Product_17,Electronics,Warehouse_A,85,134,177,228.62,118,16-02-2024
P049,Product_49,Grocery,Warehouse_C,271,135,180,406.74,172,13-03-2024
P044,Product_44,Clothing,Warehouse_C,456,27,160,86.62,40,21-11-2024
P030,Product_30,Clothing,Warehouse_B,39,87,130,252.91,20,06-05-2024
P022,Product_22,Grocery,Warehouse_C,202,71,65,449.49,4,17-08-2024
P046,Product_46,Furniture,Warehouse_C,312,135,178,276.97,14,29-08-2024
P003,Product_3,Sports,Warehouse_B,476,24,195,301.06,120,07-08-2024
P047,Product_47,Clothing,Warehouse_C,311,57,136,312.78,62,01-05-2024
P030,Product_30,Grocery,Warehouse_A,251,61,37,487.5,29,04-09-2024
P028,Product_28,Grocery,Warehouse_B,63,104,35,291.67,3,12-06-2024
P009,Product_9,Grocery,Warehouse_A,485,114,85,110,40,27-03-2024
P019,Product_19,Electronics,Warehouse_C,281,134,58,219.44,33,02-01-2024
P050,Product_50,Electronics,Warehouse_C,347,94,82,314.14,55,23-08-2024
P047,Product_47,Grocery,Warehouse_B,413,116,72,161.74,16,27-03-2024
P018,Product_18,Sports,Warehouse_C,268,135,196,275,50,30-07-2024
P049,Product_49,Sports,Warehouse_A,153,150,105,451.45,24,25-10-2024
P046,Product_46,Furniture,Warehouse_A,139,49,149,271.38,37,21-06-2024
P050,Product_50,Electronics,Warehouse_C,29,47,182,420.6,151,13-09-2024
P038,Product_38,Sports,Warehouse_B,182,102,70,465.65,24,22-08-2024
P021,Product_21,Clothing,Warehouse_B,15,20,189,375.66,11,05-04-2024
P013,Product_13,Grocery,Warehouse_A,6,147,164,195.95,110,05-10-2024
P007,Product_7,Clothing,Warehouse_A,220,41,172,475.4,15,18-08-2024
P028,Product_28,Grocery,Warehouse_B,348,115,96,138.35,56,01-08-2024
P007,Product_7,Electronics,Warehouse_B,266,123,150,293.89,33,09-10-2024
P024,Product_24,Electronics,Warehouse_B,400,137,139,143.42,120,15-04-2024
P027,Product_27,Clothing,Warehouse_B,64,21,139,417.52,93,23-11-2024
P039,Product_39,Electronics,Warehouse_B,240,102,177,318.85,54,24-05-2024
P025,Product_25,Clothing,Warehouse_B,321,146,103,274.51,51,01-12-2024
P023,Product_23,Sports,Warehouse_C,165,90,29,126.31,6,07-02-2024
P037,Product_37,Furniture,Warehouse_C,497,140,198,95.56,104,05-04-2024
P034,Product_34,Furniture,Warehouse_C,11,72,149,133.19,149,29-12-2024
P048,Product_48,Sports,Warehouse_B,418,93,78,186.62,65,11-08-2024
P042,Product_42,Clothing,Warehouse_C,418,40,101,261.84,40,28-06-2024
P043,Product_43,Sports,Warehouse_C,439,60,86,143.28,7,23-08-2024
P041,Product_41,Sports,Warehouse_A,327,94,35,56.96,27,18-04-2024
P013,Product_13,Furniture,Warehouse_A,109,87,168,258.74,84,14-11-2024
P029,Product_29,Electronics,Warehouse_A,423,144,144,281.37,52,05-07-2024
P048,Product_48,Electronics,Warehouse_A,277,38,152,132.06,8,21-08-2024
P034,Product_34,Furniture,Warehouse_A,125,69,177,435.38,10,27-05-2024
P021,Product_21,Electronics,Warehouse_C,149,26,152,423.27,5,23-05-2024
P041,Product_41,Grocery,Warehouse_B,68,115,125,495.78,87,23-02-2024
P008,Product_8,Furniture,Warehouse_C,417,64,25,265.38,10,20-10-2024
P041,Product_41,Grocery,Warehouse_B,10,83,158,330.46,34,24-01-2024
P026,Product_26,Clothing,Warehouse_A,47,117,39,420.14,26,21-11-2024
P045,Product_45,Furniture,Warehouse_B,151,143,90,154.95,41,06-08-2024
P016,Product_16,Clothing,Warehouse_A,222,51,178,268.54,130,17-11-2024
P029,Product_29,Electronics,Warehouse_C,127,102,184,91.7,77,02-04-2024
P047,Product_47,Electronics,Warehouse_A,123,145,159,182.64,105,29-08-2024
P005,Product_5,Clothing,Warehouse_C,119,42,89,156.88,85,18-03-2024
P005,Product_5,Clothing,Warehouse_B,119,32,182,289.75,27,29-11-2024
P015,Product_15,Furniture,Warehouse_B,327,67,178,441.44,25,18-07-2024
P025,Product_25,Grocery,Warehouse_C,394,92,77,89.29,5,11-09-2024
P024,Product_24,Electronics,Warehouse_C,81,32,154,451.06,132,29-02-2024
P008,Product_8,Sports,Warehouse_C,493,120,196,117.71,174,20-07-2024
P006,Product_6,Sports,Warehouse_A,419,150,121,51.15,101,06-10-2024
P029,Product_29,Clothing,Warehouse_A,407,71,177,95.41,105,03-04-2024
P001,Product_1,Furniture,Warehouse_C,190,122,42,134.89,16,01-01-2024
P046,Product_46,Grocery,Warehouse_A,45,41,15,317,2,02-02-2024
P020,Product_20,Grocery,Warehouse_C,37,86,188,367.98,23,06-10-2024
P037,Product_37,Clothing,Warehouse_C,361,78,66,109.8,4,05-09-2024
P008,Product_8,Grocery,Warehouse_A,168,84,57,141.84,2,25-04-2024
P006,Product_6,Furniture,Warehouse_B,428,123,12,49.08,12,04-06-2024
P032,Product_32,Sports,Warehouse_C,277,57,59,336,6,23-12-2024
P019,Product_19,Grocery,Warehouse_A,404,124,144,274.04,72,05-01-2024
P027,Product_27,Sports,Warehouse_B,168,33,71,70.93,17,29-02-2024
P037,Product_37,Sports,Warehouse_A,121,122,31,138.36,31,09-11-2024
P014,Product_14,Clothing,Warehouse_C,200,99,46,251.03,45,09-07-2024
P023,Product_23,Grocery,Warehouse_C,100,75,128,351.92,92,28-05-2024
P044,Product_44,Grocery,Warehouse_A,103,48,37,27.42,25,22-08-2024
P008,Product_8,Sports,Warehouse_A,69,38,48,86.78,9,15-11-2024
P001,Product_1,Sports,Warehouse_C,455,49,148,357.98,126,07-09-2024
P036,Product_36,Furniture,Warehouse_A,365,98,124,402.01,4,20-01-2024
P017,Product_17,Sports,Warehouse_A,322,47,79,328.11,68,25-02-2024
P029,Product_29,Clothing,Warehouse_C,475,37,152,335.88,2,10-07-2024
P025,Product_25,Grocery,Warehouse_A,475,132,51,491.5,5,24-10-2024
P035,Product_35,Furniture,Warehouse_B,430,52,126,317.57,126,02-02-2024
P034,Product_34,Electronics,Warehouse_C,51,53,200,292.62,140,17-11-2024
P022,Product_22,Clothing,Warehouse_C,296,81,159,215.87,101,25-09-2024
P005,Product_5,Sports,Warehouse_C,308,143,19,39.36,3,19-10-2024
P014,Product_14,Sports,Warehouse_A,164,77,134,322.91,125,23-07-2024
